[
{"name": ["A Light in the Attic"], "price": "\u00a351.77"},
{"name": ["Tipping the Velvet"], "price": "\u00a353.74"},
{"name": ["Soumission"], "price": "\u00a350.10"},
{"name": ["Sharp Objects"], "price": "\u00a347.82"},
{"name": ["Sapiens: A Brief History of Humankind"], "price": "\u00a354.23"},
{"name": ["The Requiem Red"], "price": "\u00a322.65"},
{"name": ["The Dirty Little Secrets of Getting Your Dream Job"], "price": "\u00a333.34"},
{"name": ["The Coming Woman: A Novel Based on the Life of the Infamous Feminist, Victoria Woodhull"], "price": "\u00a317.93"},
{"name": ["The Boys in the Boat: Nine Americans and Their Epic Quest for Gold at the 1936 Berlin Olympics"], "price": "\u00a322.60"},
{"name": ["The Black Maria"], "price": "\u00a352.15"},
{"name": ["Starving Hearts (Triangular Trade Trilogy, #1)"], "price": "\u00a313.99"},
{"name": ["Shakespeare's Sonnets"], "price": "\u00a320.66"},
{"name": ["Set Me Free"], "price": "\u00a317.46"},
{"name": ["Scott Pilgrim's Precious Little Life (Scott Pilgrim #1)"], "price": "\u00a352.29"},
{"name": ["Rip it Up and Start Again"], "price": "\u00a335.02"},
{"name": ["Our Band Could Be Your Life: Scenes from the American Indie Underground, 1981-1991"], "price": "\u00a357.25"},
{"name": ["Olio"], "price": "\u00a323.88"},
{"name": ["Mesaerion: The Best Science Fiction Stories 1800-1849"], "price": "\u00a337.59"},
{"name": ["Libertarianism for Beginners"], "price": "\u00a351.33"},
{"name": ["It's Only the Himalayas"], "price": "\u00a345.17"},
{"name": ["In Her Wake"], "price": "\u00a312.84"},
{"name": ["How Music Works"], "price": "\u00a337.32"},
{"name": ["Foolproof Preserving: A Guide to Small Batch Jams, Jellies, Pickles, Condiments, and More: A Foolproof Guide to Making Small Batch Jams, Jellies, Pickles, Condiments, and More"], "price": "\u00a330.52"},
{"name": ["Chase Me (Paris Nights #2)"], "price": "\u00a325.27"},
{"name": ["Black Dust"], "price": "\u00a334.53"},
{"name": ["Birdsong: A Story in Pictures"], "price": "\u00a354.64"},
{"name": ["America's Cradle of Quarterbacks: Western Pennsylvania's Football Factory from Johnny Unitas to Joe Montana"], "price": "\u00a322.50"},
{"name": ["Aladdin and His Wonderful Lamp"], "price": "\u00a353.13"},
{"name": ["Worlds Elsewhere: Journeys Around Shakespeare\u2019s Globe"], "price": "\u00a340.30"},
{"name": ["Wall and Piece"], "price": "\u00a344.18"},
{"name": ["The Four Agreements: A Practical Guide to Personal Freedom"], "price": "\u00a317.66"},
{"name": ["The Five Love Languages: How to Express Heartfelt Commitment to Your Mate"], "price": "\u00a331.05"},
{"name": ["The Elephant Tree"], "price": "\u00a323.82"},
{"name": ["The Bear and the Piano"], "price": "\u00a336.89"},
{"name": ["Sophie's World"], "price": "\u00a315.94"},
{"name": ["Penny Maybe"], "price": "\u00a333.29"},
{"name": ["Maude (1883-1993):She Grew Up with the country"], "price": "\u00a318.02"},
{"name": ["In a Dark, Dark Wood"], "price": "\u00a319.63"},
{"name": ["Behind Closed Doors"], "price": "\u00a352.22"},
{"name": ["You can't bury them all: Poems"], "price": "\u00a333.63"},
{"name": ["Slow States of Collapse: Poems"], "price": "\u00a357.31"},
{"name": ["Reasons to Stay Alive"], "price": "\u00a326.41"},
{"name": ["Private Paris (Private #10)"], "price": "\u00a347.61"},
{"name": ["#HigherSelfie: Wake Up Your Life. Free Your Soul. Find Your Tribe."], "price": "\u00a323.11"},
{"name": ["Without Borders (Wanderlove #1)"], "price": "\u00a345.07"},
{"name": ["When We Collided"], "price": "\u00a331.77"},
{"name": ["We Love You, Charlie Freeman"], "price": "\u00a350.27"},
{"name": ["Untitled Collection: Sabbath Poems 2014"], "price": "\u00a314.27"},
{"name": ["Unseen City: The Majesty of Pigeons, the Discreet Charm of Snails & Other Wonders of the Urban Wilderness"], "price": "\u00a344.18"},
{"name": ["Unicorn Tracks"], "price": "\u00a318.78"},
{"name": ["Unbound: How Eight Technologies Made Us Human, Transformed Society, and Brought Our World to the Brink"], "price": "\u00a325.52"},
{"name": ["Tsubasa: WoRLD CHRoNiCLE 2 (Tsubasa WoRLD CHRoNiCLE #2)"], "price": "\u00a316.28"},
{"name": ["Throwing Rocks at the Google Bus: How Growth Became the Enemy of Prosperity"], "price": "\u00a331.12"},
{"name": ["This One Summer"], "price": "\u00a319.49"},
{"name": ["Thirst"], "price": "\u00a317.27"},
{"name": ["The Torch Is Passed: A Harding Family Story"], "price": "\u00a319.09"},
{"name": ["The Secret of Dreadwillow Carse"], "price": "\u00a356.13"},
{"name": ["The Pioneer Woman Cooks: Dinnertime: Comfort Classics, Freezer Food, 16-Minute Meals, and Other Delicious Ways to Solve Supper!"], "price": "\u00a356.41"},
{"name": ["The Past Never Ends"], "price": "\u00a356.50"},
{"name": ["The Natural History of Us (The Fine Art of Pretending #2)"], "price": "\u00a345.22"},
{"name": ["The Nameless City (The Nameless City #1)"], "price": "\u00a338.16"},
{"name": ["The Murder That Never Was (Forensic Instincts #5)"], "price": "\u00a354.11"},
{"name": ["The Most Perfect Thing: Inside (and Outside) a Bird's Egg"], "price": "\u00a342.96"},
{"name": ["The Mindfulness and Acceptance Workbook for Anxiety: A Guide to Breaking Free from Anxiety, Phobias, and Worry Using Acceptance and Commitment Therapy"], "price": "\u00a323.89"},
{"name": ["The Life-Changing Magic of Tidying Up: The Japanese Art of Decluttering and Organizing"], "price": "\u00a316.77"},
{"name": ["The Inefficiency Assassin: Time Management Tactics for Working Smarter, Not Longer"], "price": "\u00a320.59"},
{"name": ["The Gutsy Girl: Escapades for Your Life of Epic Adventure"], "price": "\u00a337.13"},
{"name": ["The Electric Pencil: Drawings from Inside State Hospital No. 3"], "price": "\u00a356.06"},
{"name": ["The Death of Humanity: and the Case for Life"], "price": "\u00a358.11"},
{"name": ["The Bulletproof Diet: Lose up to a Pound a Day, Reclaim Energy and Focus, Upgrade Your Life"], "price": "\u00a349.05"},
{"name": ["The Art Forger"], "price": "\u00a340.76"},
{"name": ["The Age of Genius: The Seventeenth Century and the Birth of the Modern Mind"], "price": "\u00a319.73"},
{"name": ["The Activist's Tao Te Ching: Ancient Advice for a Modern Revolution"], "price": "\u00a332.24"},
{"name": ["Spark Joy: An Illustrated Master Class on the Art of Organizing and Tidying Up"], "price": "\u00a341.83"},
{"name": ["Soul Reader"], "price": "\u00a339.58"},
{"name": ["Security"], "price": "\u00a339.25"},
{"name": ["Saga, Volume 6 (Saga (Collected Editions) #6)"], "price": "\u00a325.02"},
{"name": ["Saga, Volume 5 (Saga (Collected Editions) #5)"], "price": "\u00a351.04"},
{"name": ["Reskilling America: Learning to Labor in the Twenty-First Century"], "price": "\u00a319.83"},
{"name": ["Rat Queens, Vol. 3: Demons (Rat Queens (Collected Editions) #11-15)"], "price": "\u00a350.40"},
{"name": ["Princess Jellyfish 2-in-1 Omnibus, Vol. 01 (Princess Jellyfish 2-in-1 Omnibus #1)"], "price": "\u00a313.61"},
{"name": ["Princess Between Worlds (Wide-Awake Princess #5)"], "price": "\u00a313.34"},
{"name": ["Pop Gun War, Volume 1: Gift"], "price": "\u00a318.97"},
{"name": ["Political Suicide: Missteps, Peccadilloes, Bad Calls, Backroom Hijinx, Sordid Pasts, Rotten Breaks, and Just Plain Dumb Mistakes in the Annals of American Politics"], "price": "\u00a336.28"},
{"name": ["Patience"], "price": "\u00a310.16"},
{"name": ["Outcast, Vol. 1: A Darkness Surrounds Him (Outcast #1)"], "price": "\u00a315.44"},
{"name": ["orange: The Complete Collection 1 (orange: The Complete Collection #1)"], "price": "\u00a348.41"},
{"name": ["Online Marketing for Busy Authors: A Step-By-Step Guide"], "price": "\u00a346.35"},
{"name": ["On a Midnight Clear"], "price": "\u00a314.07"},
{"name": ["Obsidian (Lux #1)"], "price": "\u00a314.86"},
{"name": ["My Paris Kitchen: Recipes and Stories"], "price": "\u00a333.37"},
{"name": ["Masks and Shadows"], "price": "\u00a356.40"},
{"name": ["Mama Tried: Traditional Italian Cooking for the Screwed, Crude, Vegan, and Tattooed"], "price": "\u00a314.02"},
{"name": ["Lumberjanes, Vol. 2: Friendship to the Max (Lumberjanes #5-8)"], "price": "\u00a346.91"},
{"name": ["Lumberjanes, Vol. 1: Beware the Kitten Holy (Lumberjanes #1-4)"], "price": "\u00a345.61"},
{"name": ["Lumberjanes Vol. 3: A Terrible Plan (Lumberjanes #9-12)"], "price": "\u00a319.92"},
{"name": ["Layered: Baking, Building, and Styling Spectacular Cakes"], "price": "\u00a340.11"},
{"name": ["Judo: Seven Steps to Black Belt (an Introductory Guide for Beginners)"], "price": "\u00a353.90"},
{"name": ["Join"], "price": "\u00a335.67"},
{"name": ["In the Country We Love: My Family Divided"], "price": "\u00a322.00"},
{"name": ["Immunity: How Elie Metchnikoff Changed the Course of Modern Medicine"], "price": "\u00a357.36"},
{"name": ["I Hate Fairyland, Vol. 1: Madly Ever After (I Hate Fairyland (Compilations) #1-5)"], "price": "\u00a329.17"},
{"name": ["I am a Hero Omnibus Volume 1"], "price": "\u00a354.63"},
{"name": ["How to Be Miserable: 40 Strategies You Already Use"], "price": "\u00a346.03"},
{"name": ["Her Backup Boyfriend (The Sorensen Family #1)"], "price": "\u00a333.97"},
{"name": ["Giant Days, Vol. 2 (Giant Days #5-8)"], "price": "\u00a322.11"},
{"name": ["Forever and Forever: The Courtship of Henry Longfellow and Fanny Appleton"], "price": "\u00a329.69"},
{"name": ["First and First (Five Boroughs #3)"], "price": "\u00a315.97"},
{"name": ["Fifty Shades Darker (Fifty Shades #2)"], "price": "\u00a321.96"},
{"name": ["Everydata: The Misinformation Hidden in the Little Data You Consume Every Day"], "price": "\u00a354.35"},
{"name": ["Don't Be a Jerk: And Other Practical Advice from Dogen, Japan's Greatest Zen Master"], "price": "\u00a337.97"},
{"name": ["Danganronpa Volume 1"], "price": "\u00a351.99"},
{"name": ["Crown of Midnight (Throne of Glass #2)"], "price": "\u00a343.29"},
{"name": ["Codename Baboushka, Volume 1: The Conclave of Death"], "price": "\u00a336.72"},
{"name": ["Camp Midnight"], "price": "\u00a317.08"},
{"name": ["Call the Nurse: True Stories of a Country Nurse on a Scottish Isle"], "price": "\u00a329.14"},
{"name": ["Burning"], "price": "\u00a328.81"},
{"name": ["Bossypants"], "price": "\u00a349.46"},
{"name": ["Bitch Planet, Vol. 1: Extraordinary Machine (Bitch Planet (Collected Editions))"], "price": "\u00a337.92"},
{"name": ["Avatar: The Last Airbender: Smoke and Shadow, Part 3 (Smoke and Shadow #3)"], "price": "\u00a328.09"},
{"name": ["Algorithms to Live By: The Computer Science of Human Decisions"], "price": "\u00a330.81"},
{"name": ["A World of Flavor: Your Gluten Free Passport"], "price": "\u00a342.95"},
{"name": ["A Piece of Sky, a Grain of Rice: A Memoir in Four Meditations"], "price": "\u00a356.76"},
{"name": ["A Murder in Time"], "price": "\u00a316.64"},
{"name": ["A Flight of Arrows (The Pathfinders #2)"], "price": "\u00a355.53"},
{"name": ["A Fierce and Subtle Poison"], "price": "\u00a328.13"},
{"name": ["A Court of Thorns and Roses (A Court of Thorns and Roses #1)"], "price": "\u00a352.37"},
{"name": ["(Un)Qualified: How God Uses Broken People to Do Big Things"], "price": "\u00a354.00"},
{"name": ["You Are What You Love: The Spiritual Power of Habit"], "price": "\u00a321.87"},
{"name": ["William Shakespeare's Star Wars: Verily, A New Hope (William Shakespeare's Star Wars #4)"], "price": "\u00a343.30"},
{"name": ["Tuesday Nights in 1980"], "price": "\u00a321.04"},
{"name": ["Tracing Numbers on a Train"], "price": "\u00a341.60"},
{"name": ["Throne of Glass (Throne of Glass #1)"], "price": "\u00a335.07"},
{"name": ["Thomas Jefferson and the Tripoli Pirates: The Forgotten War That Changed American History"], "price": "\u00a359.64"},
{"name": ["Thirteen Reasons Why"], "price": "\u00a352.72"},
{"name": ["The White Cat and the Monk: A Retelling of the Poem \u201cPangur B\u00e1n\u201d"], "price": "\u00a358.08"},
{"name": ["The Wedding Dress"], "price": "\u00a324.12"},
{"name": ["The Vacationers"], "price": "\u00a342.15"},
{"name": ["The Third Wave: An Entrepreneur\u2019s Vision of the Future"], "price": "\u00a312.61"},
{"name": ["The Stranger"], "price": "\u00a317.44"},
{"name": ["The Shadow Hero (The Shadow Hero)"], "price": "\u00a333.14"},
{"name": ["The Secret (The Secret #1)"], "price": "\u00a327.37"},
{"name": ["The Regional Office Is Under Attack!"], "price": "\u00a351.36"},
{"name": ["The Psychopath Test: A Journey Through the Madness Industry"], "price": "\u00a336.00"},
{"name": ["The Project"], "price": "\u00a310.65"},
{"name": ["The Power of Now: A Guide to Spiritual Enlightenment"], "price": "\u00a343.54"},
{"name": ["The Omnivore's Dilemma: A Natural History of Four Meals"], "price": "\u00a338.21"},
{"name": ["The Nerdy Nummies Cookbook: Sweet Treats for the Geek in All of Us"], "price": "\u00a337.34"},
{"name": ["The Murder of Roger Ackroyd (Hercule Poirot #4)"], "price": "\u00a344.10"},
{"name": ["The Mistake (Off-Campus #2)"], "price": "\u00a343.29"},
{"name": ["The Matchmaker's Playbook (Wingmen Inc. #1)"], "price": "\u00a355.85"},
{"name": ["The Love and Lemons Cookbook: An Apple-to-Zucchini Celebration of Impromptu Cooking"], "price": "\u00a337.60"},
{"name": ["The Long Shadow of Small Ghosts: Murder and Memory in an American City"], "price": "\u00a310.97"},
{"name": ["The Kite Runner"], "price": "\u00a341.82"},
{"name": ["The House by the Lake"], "price": "\u00a336.95"},
{"name": ["The Glittering Court (The Glittering Court #1)"], "price": "\u00a344.28"},
{"name": ["The Girl on the Train"], "price": "\u00a355.02"},
{"name": ["The Genius of Birds"], "price": "\u00a317.24"},
{"name": ["The Emerald Mystery"], "price": "\u00a323.15"},
{"name": ["The Cookies & Cups Cookbook: 125+ sweet & savory recipes reminding you to Always Eat Dessert First"], "price": "\u00a341.25"},
{"name": ["The Bridge to Consciousness: I'm Writing the Bridge Between Science and Our Old and New Beliefs."], "price": "\u00a332.00"},
{"name": ["The Artist's Way: A Spiritual Path to Higher Creativity"], "price": "\u00a338.49"},
{"name": ["The Art of War"], "price": "\u00a333.34"},
{"name": ["The Argonauts"], "price": "\u00a310.93"},
{"name": ["The 10% Entrepreneur: Live Your Startup Dream Without Quitting Your Day Job"], "price": "\u00a327.55"},
{"name": ["Suddenly in Love (Lake Haven #1)"], "price": "\u00a355.99"},
{"name": ["Something More Than This"], "price": "\u00a316.24"},
{"name": ["Soft Apocalypse"], "price": "\u00a326.12"},
{"name": ["So You've Been Publicly Shamed"], "price": "\u00a312.23"},
{"name": ["Shoe Dog: A Memoir by the Creator of NIKE"], "price": "\u00a323.99"},
{"name": ["Shobu Samurai, Project Aryoku (#3)"], "price": "\u00a329.06"},
{"name": ["Secrets and Lace (Fatal Hearts #1)"], "price": "\u00a320.27"},
{"name": ["Scarlett Epstein Hates It Here"], "price": "\u00a343.55"},
{"name": ["Romero and Juliet: A Tragic Tale of Love and Zombies"], "price": "\u00a336.94"},
{"name": ["Redeeming Love"], "price": "\u00a320.47"},
{"name": ["Poses for Artists Volume 1 - Dynamic and Sitting Poses: An Essential Reference for Figure Drawing and the Human Form"], "price": "\u00a341.06"},
{"name": ["Poems That Make Grown Women Cry"], "price": "\u00a314.19"},
{"name": ["Nightingale, Sing"], "price": "\u00a338.28"},
{"name": ["Night Sky with Exit Wounds"], "price": "\u00a341.05"},
{"name": ["Mrs. Houdini"], "price": "\u00a330.25"},
{"name": ["Modern Romance"], "price": "\u00a328.26"},
{"name": ["Miss Peregrine\u2019s Home for Peculiar Children (Miss Peregrine\u2019s Peculiar Children #1)"], "price": "\u00a310.76"},
{"name": ["Louisa: The Extraordinary Life of Mrs. Adams"], "price": "\u00a316.85"},
{"name": ["Little Red"], "price": "\u00a313.47"},
{"name": ["Library of Souls (Miss Peregrine\u2019s Peculiar Children #3)"], "price": "\u00a348.56"},
{"name": ["Large Print Heart of the Pride"], "price": "\u00a319.15"},
{"name": ["I Had a Nice Time And Other Lies...: How to find love & sh*t like that"], "price": "\u00a357.36"},
{"name": ["Hollow City (Miss Peregrine\u2019s Peculiar Children #2)"], "price": "\u00a342.98"},
{"name": ["Grumbles"], "price": "\u00a322.16"},
{"name": ["Full Moon over Noah\u2019s Ark: An Odyssey to Mount Ararat and Beyond"], "price": "\u00a349.43"},
{"name": ["Frostbite (Vampire Academy #2)"], "price": "\u00a329.99"},
{"name": ["Follow You Home"], "price": "\u00a321.36"},
{"name": ["First Steps for New Christians (Print Edition)"], "price": "\u00a329.00"},
{"name": ["Finders Keepers (Bill Hodges Trilogy #2)"], "price": "\u00a353.53"},
{"name": ["Fables, Vol. 1: Legends in Exile (Fables #1)"], "price": "\u00a341.62"},
{"name": ["Eureka Trivia 6.0"], "price": "\u00a354.59"},
{"name": ["Drive: The Surprising Truth About What Motivates Us"], "price": "\u00a334.95"},
{"name": ["Done Rubbed Out (Reightman & Bailey #1)"], "price": "\u00a337.72"},
{"name": ["Doing It Over (Most Likely To #1)"], "price": "\u00a335.61"},
{"name": ["Deliciously Ella Every Day: Quick and Easy Recipes for Gluten-Free Snacks, Packed Lunches, and Simple Meals"], "price": "\u00a342.16"},
{"name": ["Dark Notes"], "price": "\u00a319.19"},
{"name": ["Daring Greatly: How the Courage to Be Vulnerable Transforms the Way We Live, Love, Parent, and Lead"], "price": "\u00a319.43"},
{"name": ["Close to You"], "price": "\u00a349.46"},
{"name": ["Chasing Heaven: What Dying Taught Me About Living"], "price": "\u00a337.80"},
{"name": ["Big Magic: Creative Living Beyond Fear"], "price": "\u00a330.80"},
{"name": ["Becoming Wise: An Inquiry into the Mystery and Art of Living"], "price": "\u00a327.43"},
{"name": ["Beauty Restored (Riley Family Legacy Novellas #3)"], "price": "\u00a311.11"},
{"name": ["Batman: The Long Halloween (Batman)"], "price": "\u00a336.50"},
{"name": ["Batman: The Dark Knight Returns (Batman)"], "price": "\u00a315.38"},
{"name": ["Ayumi's Violin"], "price": "\u00a315.48"},
{"name": ["Anonymous"], "price": "\u00a346.82"},
{"name": ["Amy Meets the Saints and Sages"], "price": "\u00a318.46"},
{"name": ["Amid the Chaos"], "price": "\u00a336.58"},
{"name": ["Amatus"], "price": "\u00a350.54"},
{"name": ["Agnostic: A Spirited Manifesto"], "price": "\u00a312.51"},
{"name": ["Zealot: The Life and Times of Jesus of Nazareth"], "price": "\u00a324.70"},
{"name": ["You (You #1)"], "price": "\u00a343.61"},
{"name": ["Wonder Woman: Earth One, Volume One (Wonder Woman: Earth One #1)"], "price": "\u00a337.34"},
{"name": ["Wild Swans"], "price": "\u00a314.36"},
{"name": ["Why the Right Went Wrong: Conservatism--From Goldwater to the Tea Party and Beyond"], "price": "\u00a352.65"},
{"name": ["Whole Lotta Creativity Going On: 60 Fun and Unusual Exercises to Awaken and Strengthen Your Creativity"], "price": "\u00a338.20"},
{"name": ["What's It Like in Space?: Stories from Astronauts Who've Been There"], "price": "\u00a319.60"},
{"name": ["We Are Robin, Vol. 1: The Vigilante Business (We Are Robin #1)"], "price": "\u00a353.90"},
{"name": ["Walt Disney's Alice in Wonderland"], "price": "\u00a312.96"},
{"name": ["V for Vendetta (V for Vendetta Complete)"], "price": "\u00a337.10"},
{"name": ["Until Friday Night (The Field Party #1)"], "price": "\u00a346.31"},
{"name": ["Unbroken: A World War II Story of Survival, Resilience, and Redemption"], "price": "\u00a345.95"},
{"name": ["Twenty Yawns"], "price": "\u00a322.08"},
{"name": ["Through the Woods"], "price": "\u00a325.38"},
{"name": ["This Is Where It Ends"], "price": "\u00a327.12"},
{"name": ["The Year of Magical Thinking"], "price": "\u00a343.04"},
{"name": ["The Wright Brothers"], "price": "\u00a356.80"},
{"name": ["The White Queen (The Cousins' War #1)"], "price": "\u00a325.91"},
{"name": ["The Wedding Pact (The O'Malleys #2)"], "price": "\u00a332.61"},
{"name": ["The Time Keeper"], "price": "\u00a327.88"},
{"name": ["The Testament of Mary"], "price": "\u00a352.67"},
{"name": ["The Star-Touched Queen"], "price": "\u00a346.02"},
{"name": ["The Songs of the Gods"], "price": "\u00a344.48"},
{"name": ["The Song of Achilles"], "price": "\u00a337.40"},
{"name": ["The Rosie Project (Don Tillman #1)"], "price": "\u00a354.04"},
{"name": ["The Power of Habit: Why We Do What We Do in Life and Business"], "price": "\u00a316.88"},
{"name": ["The Marriage of Opposites"], "price": "\u00a328.08"},
{"name": ["The Lucifer Effect: Understanding How Good People Turn Evil"], "price": "\u00a310.40"},
{"name": ["The Long Haul (Diary of a Wimpy Kid #9)"], "price": "\u00a344.07"},
{"name": ["The Loney"], "price": "\u00a323.40"},
{"name": ["The Literature Book (Big Ideas Simply Explained)"], "price": "\u00a317.43"},
{"name": ["The Last Mile (Amos Decker #2)"], "price": "\u00a354.21"},
{"name": ["The Immortal Life of Henrietta Lacks"], "price": "\u00a340.67"},
{"name": ["The Hidden Oracle (The Trials of Apollo #1)"], "price": "\u00a352.26"},
{"name": ["The Help Yourself Cookbook for Kids: 60 Easy Plant-Based Recipes Kids Can Make to Stay Healthy and Save the Earth"], "price": "\u00a328.77"},
{"name": ["The Guilty (Will Robie #4)"], "price": "\u00a313.82"},
{"name": ["The First Hostage (J.B. Collins #2)"], "price": "\u00a325.85"},
{"name": ["The Dovekeepers"], "price": "\u00a348.78"},
{"name": ["The Darkest Lie"], "price": "\u00a335.35"},
{"name": ["The Bane Chronicles (The Bane Chronicles #1-11)"], "price": "\u00a344.73"},
{"name": ["The Bad-Ass Librarians of Timbuktu: And Their Race to Save the World\u2019s Most Precious Manuscripts"], "price": "\u00a315.77"},
{"name": ["The 14th Colony (Cotton Malone #11)"], "price": "\u00a339.24"},
{"name": ["That Darkness (Gardiner and Renner #1)"], "price": "\u00a313.92"},
{"name": ["Tastes Like Fear (DI Marnie Rome #3)"], "price": "\u00a310.69"},
{"name": ["Take Me with You"], "price": "\u00a345.21"},
{"name": ["Swell: A Year of Waves"], "price": "\u00a345.58"},
{"name": ["Superman Vol. 1: Before Truth (Superman by Gene Luen Yang #1)"], "price": "\u00a311.89"},
{"name": ["Still Life with Bread Crumbs"], "price": "\u00a326.41"},
{"name": ["Steve Jobs"], "price": "\u00a339.50"},
{"name": ["Sorting the Beef from the Bull: The Science of Food Fraud Forensics"], "price": "\u00a344.74"},
{"name": ["Someone Like You (The Harrisons #2)"], "price": "\u00a352.79"},
{"name": ["So Cute It Hurts!!, Vol. 6 (So Cute It Hurts!! #6)"], "price": "\u00a335.43"},
{"name": ["Shtum"], "price": "\u00a355.84"},
{"name": ["See America: A Celebration of Our National Parks & Treasured Sites"], "price": "\u00a348.87"},
{"name": ["salt."], "price": "\u00a346.78"},
{"name": ["Robin War"], "price": "\u00a347.82"},
{"name": ["Red Hood/Arsenal, Vol. 1: Open for Business (Red Hood/Arsenal #1)"], "price": "\u00a325.48"},
{"name": ["Rain Fish"], "price": "\u00a323.57"},
{"name": ["Quarter Life Poetry: Poems for the Young, Broke and Hangry"], "price": "\u00a350.89"},
{"name": ["Pet Sematary"], "price": "\u00a310.56"},
{"name": ["Overload: How to Unplug, Unwind, and Unleash Yourself from the Pressure of Stress"], "price": "\u00a352.15"},
{"name": ["Once Was a Time"], "price": "\u00a318.28"},
{"name": ["Old School (Diary of a Wimpy Kid #10)"], "price": "\u00a311.83"},
{"name": ["No Dream Is Too High: Life Lessons From a Man Who Walked on the Moon"], "price": "\u00a321.95"},
{"name": ["Naruto (3-in-1 Edition), Vol. 14: Includes Vols. 40, 41 & 42 (Naruto: Omnibus #14)"], "price": "\u00a338.39"},
{"name": ["My Name Is Lucy Barton"], "price": "\u00a341.56"},
{"name": ["My Mrs. Brown"], "price": "\u00a324.48"},
{"name": ["My Kind of Crazy"], "price": "\u00a340.36"},
{"name": ["Mr. Mercedes (Bill Hodges Trilogy #1)"], "price": "\u00a328.90"},
{"name": ["More Than Music (Chasing the Dream #1)"], "price": "\u00a337.61"},
{"name": ["Made to Stick: Why Some Ideas Survive and Others Die"], "price": "\u00a338.85"},
{"name": ["Luis Paints the World"], "price": "\u00a353.95"},
{"name": ["Luckiest Girl Alive"], "price": "\u00a349.83"},
{"name": ["Lowriders to the Center of the Earth (Lowriders in Space #2)"], "price": "\u00a351.51"},
{"name": ["Love Is a Mix Tape (Music #1)"], "price": "\u00a318.03"},
{"name": ["Looking for Lovely: Collecting the Moments that Matter"], "price": "\u00a329.14"},
{"name": ["Living Leadership by Insight: A Good Leader Achieves, a Great Leader Builds Monuments"], "price": "\u00a346.91"},
{"name": ["Let It Out: A Journey Through Journaling"], "price": "\u00a326.79"},
{"name": ["Lady Midnight (The Dark Artifices #1)"], "price": "\u00a316.28"},
{"name": ["It's All Easy: Healthy, Delicious Weeknight Meals in under 30 Minutes"], "price": "\u00a319.55"},
{"name": ["Island of Dragons (Unwanteds #7)"], "price": "\u00a329.65"},
{"name": ["I Know What I'm Doing -- and Other Lies I Tell Myself: Dispatches from a Life Under Construction"], "price": "\u00a325.98"},
{"name": ["I Am Pilgrim (Pilgrim #1)"], "price": "\u00a310.60"},
{"name": ["Hyperbole and a Half: Unfortunate Situations, Flawed Coping Mechanisms, Mayhem, and Other Things That Happened"], "price": "\u00a314.75"},
{"name": ["Hush, Hush (Hush, Hush #1)"], "price": "\u00a347.02"},
{"name": ["Hold Your Breath (Search and Rescue #1)"], "price": "\u00a328.82"},
{"name": ["Hamilton: The Revolution"], "price": "\u00a358.79"},
{"name": ["Greek Mythic History"], "price": "\u00a310.23"},
{"name": ["God: The Most Unpleasant Character in All Fiction"], "price": "\u00a330.03"},
{"name": ["Glory over Everything: Beyond The Kitchen House"], "price": "\u00a345.84"},
{"name": ["Feathers: Displays of Brilliant Plumage"], "price": "\u00a349.05"},
{"name": ["Far & Away: Places on the Brink of Change: Seven Continents, Twenty-Five Years"], "price": "\u00a315.06"},
{"name": ["Every Last Word"], "price": "\u00a346.47"},
{"name": ["Eligible (The Austen Project #4)"], "price": "\u00a327.09"},
{"name": ["El Deafo"], "price": "\u00a357.62"},
{"name": ["Eight Hundred Grapes"], "price": "\u00a314.39"},
{"name": ["Eaternity: More than 150 Deliciously Easy Vegan Recipes for a Long, Healthy, Satisfied, Joyful Life"], "price": "\u00a351.75"},
{"name": ["Eat Fat, Get Thin"], "price": "\u00a354.07"},
{"name": ["Don't Get Caught"], "price": "\u00a355.35"},
{"name": ["Doctor Sleep (The Shining #2)"], "price": "\u00a340.12"},
{"name": ["Demigods & Magicians: Percy and Annabeth Meet the Kanes (Percy Jackson & Kane Chronicles Crossover #1-3)"], "price": "\u00a337.51"},
{"name": ["Dear Mr. Knightley"], "price": "\u00a311.21"},
{"name": ["Daily Fantasy Sports"], "price": "\u00a336.58"},
{"name": ["Crazy Love: Overwhelmed by a Relentless God"], "price": "\u00a347.72"},
{"name": ["Cometh the Hour (The Clifton Chronicles #6)"], "price": "\u00a325.01"},
{"name": ["Code Name Verity (Code Name Verity #1)"], "price": "\u00a322.13"},
{"name": ["Clockwork Angel (The Infernal Devices #1)"], "price": "\u00a344.14"},
{"name": ["City of Glass (The Mortal Instruments #3)"], "price": "\u00a356.02"},
{"name": ["City of Fallen Angels (The Mortal Instruments #4)"], "price": "\u00a311.23"},
{"name": ["City of Bones (The Mortal Instruments #1)"], "price": "\u00a343.28"},
{"name": ["City of Ashes (The Mortal Instruments #2)"], "price": "\u00a347.27"},
{"name": ["Cell"], "price": "\u00a320.29"},
{"name": ["Catching Jordan (Hundred Oaks)"], "price": "\u00a350.83"},
{"name": ["Carry On, Warrior: Thoughts on Life Unarmed"], "price": "\u00a331.85"},
{"name": ["Carrie"], "price": "\u00a346.23"},
{"name": ["Buying In: The Secret Dialogue Between What We Buy and Who We Are"], "price": "\u00a337.80"},
{"name": ["Brain on Fire: My Month of Madness"], "price": "\u00a349.32"},
{"name": ["Batman: Europa"], "price": "\u00a332.01"},
{"name": ["Barefoot Contessa Back to Basics"], "price": "\u00a328.01"},
{"name": ["Barefoot Contessa at Home: Everyday Recipes You'll Make Over and Over Again"], "price": "\u00a350.62"},
{"name": ["Balloon Animals"], "price": "\u00a317.03"},
{"name": ["Art Ops Vol. 1"], "price": "\u00a348.80"},
{"name": ["Aristotle and Dante Discover the Secrets of the Universe (Aristotle and Dante Discover the Secrets of the Universe #1)"], "price": "\u00a358.14"},
{"name": ["Angels Walking (Angels Walking #1)"], "price": "\u00a334.20"},
{"name": ["Angels & Demons (Robert Langdon #1)"], "price": "\u00a351.48"},
{"name": ["All the Light We Cannot See"], "price": "\u00a329.87"},
{"name": ["Adulthood Is a Myth: A \"Sarah's Scribbles\" Collection"], "price": "\u00a310.90"},
{"name": ["Abstract City"], "price": "\u00a356.37"},
{"name": ["A Time of Torment (Charlie Parker #14)"], "price": "\u00a348.35"},
{"name": ["A Study in Scarlet (Sherlock Holmes #1)"], "price": "\u00a316.73"},
{"name": ["A Series of Catastrophes and Miracles: A True Story of Love, Science, and Cancer"], "price": "\u00a356.48"},
{"name": ["A People's History of the United States"], "price": "\u00a340.79"},
{"name": ["A Man Called Ove"], "price": "\u00a339.72"},
{"name": ["A Distant Mirror: The Calamitous 14th Century"], "price": "\u00a314.58"},
{"name": ["A Brush of Wings (Angels Walking #3)"], "price": "\u00a355.51"},
{"name": ["1491: New Revelations of the Americas Before Columbus"], "price": "\u00a321.80"},
{"name": ["The Three Searches, Meaning, and the Story"], "price": "\u00a313.33"},
{"name": ["Searching for Meaning in Gailana"], "price": "\u00a338.73"},
{"name": ["Rook"], "price": "\u00a337.86"},
{"name": ["My Kitchen Year: 136 Recipes That Saved My Life"], "price": "\u00a311.53"},
{"name": ["13 Hours: The Inside Account of What Really Happened In Benghazi"], "price": "\u00a327.06"},
{"name": ["Will You Won't You Want Me?"], "price": "\u00a313.86"},
{"name": ["Tipping Point for Planet Earth: How Close Are We to the Edge?"], "price": "\u00a337.55"},
{"name": ["The Star-Touched Queen"], "price": "\u00a332.30"},
{"name": ["The Silent Sister (Riley MacPherson #1)"], "price": "\u00a346.29"},
{"name": ["The Midnight Watch: A Novel of the Titanic and the Californian"], "price": "\u00a326.20"},
{"name": ["The Lonely City: Adventures in the Art of Being Alone"], "price": "\u00a333.26"},
{"name": ["The Gray Rhino: How to Recognize and Act on the Obvious Dangers We Ignore"], "price": "\u00a359.15"},
{"name": ["The Golden Condom: And Other Essays on Love Lost and Found"], "price": "\u00a339.43"},
{"name": ["The Epidemic (The Program 0.6)"], "price": "\u00a314.44"},
{"name": ["The Dinner Party"], "price": "\u00a356.54"},
{"name": ["The Diary of a Young Girl"], "price": "\u00a359.90"},
{"name": ["The Children"], "price": "\u00a311.88"},
{"name": ["Stars Above (The Lunar Chronicles #4.5)"], "price": "\u00a348.05"},
{"name": ["Snatched: How A Drug Queen Went Undercover for the DEA and Was Kidnapped By Colombian Guerillas"], "price": "\u00a321.21"},
{"name": ["Raspberry Pi Electronics Projects for the Evil Genius"], "price": "\u00a349.67"},
{"name": ["Quench Your Own Thirst: Business Lessons Learned Over a Beer or Two"], "price": "\u00a343.14"},
{"name": ["Psycho: Sanitarium (Psycho #1.5)"], "price": "\u00a336.97"},
{"name": ["Poisonous (Max Revere Novels #3)"], "price": "\u00a326.80"},
{"name": ["One with You (Crossfire #5)"], "price": "\u00a315.71"},
{"name": ["No Love Allowed (Dodge Cove #1)"], "price": "\u00a354.65"},
{"name": ["Murder at the 42nd Street Library (Raymond Ambler #1)"], "price": "\u00a354.36"},
{"name": ["Most Wanted"], "price": "\u00a335.28"},
{"name": ["Love, Lies and Spies"], "price": "\u00a320.55"},
{"name": ["How to Speak Golf: An Illustrated Guide to Links Lingo"], "price": "\u00a358.32"},
{"name": ["Hide Away (Eve Duncan #20)"], "price": "\u00a311.84"},
{"name": ["Furiously Happy: A Funny Book About Horrible Things"], "price": "\u00a341.46"},
{"name": ["Everyday Italian: 125 Simple and Delicious Recipes"], "price": "\u00a320.10"},
{"name": ["Equal Is Unfair: America's Misguided Fight Against Income Inequality"], "price": "\u00a356.86"},
{"name": ["Eleanor & Park"], "price": "\u00a356.51"},
{"name": ["Dirty (Dive Bar #1)"], "price": "\u00a340.83"},
{"name": ["Can You Keep a Secret? (Fear Street Relaunch #4)"], "price": "\u00a348.64"},
{"name": ["Boar Island (Anna Pigeon #19)"], "price": "\u00a359.48"},
{"name": ["A Paris Apartment"], "price": "\u00a339.01"},
{"name": ["A la Mode: 120 Recipes in 60 Pairings: Pies, Tarts, Cakes, Crisps, and More Topped with Ice Cream, Gelato, Frozen Custard, and More"], "price": "\u00a338.77"},
{"name": ["Troublemaker: Surviving Hollywood and Scientology"], "price": "\u00a348.39"},
{"name": ["The Widow"], "price": "\u00a327.26"},
{"name": ["The Sleep Revolution: Transforming Your Life, One Night at a Time"], "price": "\u00a311.68"},
{"name": ["The Improbability of Love"], "price": "\u00a359.45"},
{"name": ["The Art of Startup Fundraising"], "price": "\u00a321.00"},
{"name": ["Take Me Home Tonight (Rock Star Romance #3)"], "price": "\u00a353.98"},
{"name": ["Sleeping Giants (Themis Files #1)"], "price": "\u00a348.74"},
{"name": ["Setting the World on Fire: The Brief, Astonishing Life of St. Catherine of Siena"], "price": "\u00a321.15"},
{"name": ["Playing with Fire"], "price": "\u00a313.71"},
{"name": ["Off the Hook (Fishing for Trouble #1)"], "price": "\u00a347.67"},
{"name": ["Mothering Sunday"], "price": "\u00a313.34"},
{"name": ["Mother, Can You Not?"], "price": "\u00a316.89"},
{"name": ["M Train"], "price": "\u00a327.18"},
{"name": ["Lilac Girls"], "price": "\u00a317.28"},
{"name": ["Lies and Other Acts of Love"], "price": "\u00a345.14"},
{"name": ["Lab Girl"], "price": "\u00a340.85"},
{"name": ["Keep Me Posted"], "price": "\u00a320.46"},
{"name": ["It Didn't Start with You: How Inherited Family Trauma Shapes Who We Are and How to End the Cycle"], "price": "\u00a356.27"},
{"name": ["Grey (Fifty Shades #4)"], "price": "\u00a348.49"},
{"name": ["Exit, Pursued by a Bear"], "price": "\u00a351.34"},
{"name": ["Daredevils"], "price": "\u00a316.34"},
{"name": ["Cravings: Recipes for What You Want to Eat"], "price": "\u00a320.50"},
{"name": ["Born for This: How to Find the Work You Were Meant to Do"], "price": "\u00a321.59"},
{"name": ["Arena"], "price": "\u00a321.36"},
{"name": ["Adultery"], "price": "\u00a320.88"},
{"name": ["A Mother's Reckoning: Living in the Aftermath of Tragedy"], "price": "\u00a319.53"},
{"name": ["A Gentleman's Position (Society of Gentlemen #3)"], "price": "\u00a314.75"},
{"name": ["11/22/63"], "price": "\u00a348.48"},
{"name": ["10% Happier: How I Tamed the Voice in My Head, Reduced Stress Without Losing My Edge, and Found Self-Help That Actually Works"], "price": "\u00a324.57"},
{"name": ["10-Day Green Smoothie Cleanse: Lose Up to 15 Pounds in 10 Days!"], "price": "\u00a349.71"},
{"name": ["Without Shame"], "price": "\u00a348.27"},
{"name": ["Watchmen"], "price": "\u00a358.05"},
{"name": ["Unlimited Intuition Now"], "price": "\u00a358.87"},
{"name": ["Underlying Notes"], "price": "\u00a311.82"},
{"name": ["The Shack"], "price": "\u00a328.03"},
{"name": ["The New Brand You: Your New Image Makes the Sale for You"], "price": "\u00a344.05"},
{"name": ["The Moosewood Cookbook: Recipes from Moosewood Restaurant, Ithaca, New York"], "price": "\u00a312.34"},
{"name": ["The Flowers Lied"], "price": "\u00a316.68"},
{"name": ["The Fabric of the Cosmos: Space, Time, and the Texture of Reality"], "price": "\u00a355.91"},
{"name": ["The Book of Mormon"], "price": "\u00a324.57"},
{"name": ["The Art and Science of Low Carbohydrate Living"], "price": "\u00a352.98"},
{"name": ["The Alien Club"], "price": "\u00a354.40"},
{"name": ["Suzie Snowflake: One beautiful flake (a self-esteem story)"], "price": "\u00a354.81"},
{"name": ["Nap-a-Roo"], "price": "\u00a325.08"},
{"name": ["NaNo What Now? Finding your editing process, revising your NaNoWriMo book and building a writing career through publishing and beyond"], "price": "\u00a310.41"},
{"name": ["Modern Day Fables"], "price": "\u00a347.44"},
{"name": ["If I Gave You God's Phone Number....: Searching for Spirituality in America"], "price": "\u00a320.91"},
{"name": ["Fruits Basket, Vol. 9 (Fruits Basket #9)"], "price": "\u00a333.95"},
{"name": ["Dress Your Family in Corduroy and Denim"], "price": "\u00a343.68"},
{"name": ["Don't Forget Steven"], "price": "\u00a333.23"},
{"name": ["Chernobyl 01:23:40: The Incredible True Story of the World's Worst Nuclear Disaster"], "price": "\u00a335.92"},
{"name": ["Art and Fear: Observations on the Perils (and Rewards) of Artmaking"], "price": "\u00a348.63"},
{"name": ["A Shard of Ice (The Black Symphony Saga #1)"], "price": "\u00a356.63"},
{"name": ["A Hero's Curse (The Unseen Chronicles #1)"], "price": "\u00a350.49"},
{"name": ["23 Degrees South: A Tropical Tale of Changing Whether..."], "price": "\u00a335.79"},
{"name": ["Zero to One: Notes on Startups, or How to Build the Future"], "price": "\u00a334.06"},
{"name": ["Why Not Me?"], "price": "\u00a317.76"},
{"name": ["When Breath Becomes Air"], "price": "\u00a339.36"},
{"name": ["Vagabonding: An Uncommon Guide to the Art of Long-Term World Travel"], "price": "\u00a336.94"},
{"name": ["The Unlikely Pilgrimage of Harold Fry (Harold Fry #1)"], "price": "\u00a343.62"},
{"name": ["The New Drawing on the Right Side of the Brain"], "price": "\u00a343.02"},
{"name": ["The Midnight Assassin: Panic, Scandal, and the Hunt for America's First Serial Killer"], "price": "\u00a328.45"},
{"name": ["The Martian (The Martian #1)"], "price": "\u00a341.39"},
{"name": ["The High Mountains of Portugal"], "price": "\u00a351.15"},
{"name": ["The Grownup"], "price": "\u00a335.88"},
{"name": ["The E-Myth Revisited: Why Most Small Businesses Don't Work and What to Do About It"], "price": "\u00a336.91"},
{"name": ["South of Sunshine"], "price": "\u00a328.93"},
{"name": ["Smarter Faster Better: The Secrets of Being Productive in Life and Business"], "price": "\u00a338.89"},
{"name": ["Silence in the Dark (Logan Point #4)"], "price": "\u00a358.33"},
{"name": ["Shadows of the Past (Logan Point #1)"], "price": "\u00a339.67"},
{"name": ["Roller Girl"], "price": "\u00a314.10"},
{"name": ["Rising Strong"], "price": "\u00a321.82"},
{"name": ["Proofs of God: Classical Arguments from Tertullian to Barth"], "price": "\u00a354.21"},
{"name": ["Please Kill Me: The Uncensored Oral History of Punk"], "price": "\u00a331.19"},
{"name": ["Out of Print: City Lights Spotlight No. 14"], "price": "\u00a353.64"},
{"name": ["My Life Next Door (My Life Next Door )"], "price": "\u00a336.39"},
{"name": ["Miller's Valley"], "price": "\u00a358.54"},
{"name": ["Man's Search for Meaning"], "price": "\u00a329.48"},
{"name": ["Love That Boy: What Two Presidents, Eight Road Trips, and My Son Taught Me About a Parent's Expectations"], "price": "\u00a325.06"},
{"name": ["Living Forward: A Proven Plan to Stop Drifting and Get the Life You Want"], "price": "\u00a312.55"},
{"name": ["Les Fleurs du Mal"], "price": "\u00a329.04"},
{"name": ["Left Behind (Left Behind #1)"], "price": "\u00a340.72"},
{"name": ["Kill 'Em and Leave: Searching for James Brown and the American Soul"], "price": "\u00a345.05"},
{"name": ["Kierkegaard: A Christian Missionary to Christians"], "price": "\u00a347.13"},
{"name": ["John Vassos: Industrial Design for Modern Life"], "price": "\u00a320.22"},
{"name": ["I'll Give You the Sun"], "price": "\u00a356.48"},
{"name": ["I Will Find You"], "price": "\u00a344.21"},
{"name": ["Hystopia: A Novel"], "price": "\u00a321.96"},
{"name": ["Howl and Other Poems"], "price": "\u00a340.45"},
{"name": ["History of Beauty"], "price": "\u00a310.29"},
{"name": ["Heaven is for Real: A Little Boy's Astounding Story of His Trip to Heaven and Back"], "price": "\u00a352.86"},
{"name": ["Future Shock (Future Shock #1)"], "price": "\u00a355.65"},
{"name": ["Ender's Game (The Ender Quintet #1)"], "price": "\u00a343.64"},
{"name": ["Diary of a Citizen Scientist: Chasing Tiger Beetles and Other New Ways of Engaging the World"], "price": "\u00a328.41"},
{"name": ["Death by Leisure: A Cautionary Tale"], "price": "\u00a337.51"},
{"name": ["Brilliant Beacons: A History of the American Lighthouse"], "price": "\u00a311.45"},
{"name": ["Brazen: The Courage to Find the You That's Been Hiding"], "price": "\u00a319.22"},
{"name": ["Between the World and Me"], "price": "\u00a356.91"},
{"name": ["Being Mortal: Medicine and What Matters in the End"], "price": "\u00a355.06"},
{"name": ["A Murder Over a Girl: Justice, Gender, Junior High"], "price": "\u00a313.20"},
{"name": ["32 Yolks"], "price": "\u00a353.63"},
{"name": ["\"Most Blessed of the Patriarchs\": Thomas Jefferson and the Empire of the Imagination"], "price": "\u00a344.48"},
{"name": ["You Are a Badass: How to Stop Doubting Your Greatness and Start Living an Awesome Life"], "price": "\u00a312.08"},
{"name": ["Wildlife of New York: A Five-Borough Coloring Book"], "price": "\u00a322.14"},
{"name": ["What Happened on Beale Street (Secrets of the South Mysteries #2)"], "price": "\u00a325.37"},
{"name": ["Unreasonable Hope: Finding Faith in the God Who Brings Purpose to Your Pain"], "price": "\u00a346.33"},
{"name": ["Under the Tuscan Sun"], "price": "\u00a337.33"},
{"name": ["Toddlers Are A**holes: It's Not Your Fault"], "price": "\u00a325.55"},
{"name": ["The Year of Living Biblically: One Man's Humble Quest to Follow the Bible as Literally as Possible"], "price": "\u00a334.72"},
{"name": ["The Whale"], "price": "\u00a335.96"},
{"name": ["The Story of Art"], "price": "\u00a341.14"},
{"name": ["The Origin of Species"], "price": "\u00a310.01"},
{"name": ["The Great Gatsby"], "price": "\u00a336.05"},
{"name": ["The Good Girl"], "price": "\u00a349.03"},
{"name": ["The Glass Castle"], "price": "\u00a316.24"},
{"name": ["The Faith of Christopher Hitchens: The Restless Soul of the World's Most Notorious Atheist"], "price": "\u00a339.55"},
{"name": ["The Drowning Girls"], "price": "\u00a335.67"},
{"name": ["The Constant Princess (The Tudor Court #1)"], "price": "\u00a316.62"},
{"name": ["The Bourne Identity (Jason Bourne #1)"], "price": "\u00a342.78"},
{"name": ["The Bachelor Girl's Guide to Murder (Herringford and Watts Mysteries #1)"], "price": "\u00a352.30"},
{"name": ["The Art Book"], "price": "\u00a332.34"},
{"name": ["The 7 Habits of Highly Effective People: Powerful Lessons in Personal Change"], "price": "\u00a333.17"},
{"name": ["Team of Rivals: The Political Genius of Abraham Lincoln"], "price": "\u00a320.12"},
{"name": ["Steal Like an Artist: 10 Things Nobody Told You About Being Creative"], "price": "\u00a320.90"},
{"name": ["Sit, Stay, Love"], "price": "\u00a320.90"},
{"name": ["Sister Dear"], "price": "\u00a340.20"},
{"name": ["Shrunken Treasures: Literary Classics, Short, Sweet, and Silly"], "price": "\u00a352.87"},
{"name": ["Rich Dad, Poor Dad"], "price": "\u00a351.74"},
{"name": ["Raymie Nightingale"], "price": "\u00a334.41"},
{"name": ["Playing from the Heart"], "price": "\u00a332.38"},
{"name": ["Nightstruck: A Novel"], "price": "\u00a350.35"},
{"name": ["Naturally Lean: 125 Nourishing Gluten-Free, Plant-Based Recipes--All Under 300 Calories"], "price": "\u00a311.38"},
{"name": ["Meternity"], "price": "\u00a343.58"},
{"name": ["Memoirs of a Geisha"], "price": "\u00a349.67"},
{"name": ["Like Never Before (Walker Family #2)"], "price": "\u00a328.77"},
{"name": ["Life of Pi"], "price": "\u00a313.22"},
{"name": ["Leave This Song Behind: Teen Poetry at Its Best"], "price": "\u00a351.17"},
{"name": ["King's Folly (The Kinsman Chronicles #1)"], "price": "\u00a339.61"},
{"name": ["John Adams"], "price": "\u00a357.43"},
{"name": ["How to Cook Everything Vegetarian: Simple Meatless Recipes for Great Food (How to Cook Everything)"], "price": "\u00a346.01"},
{"name": ["How to Be a Domestic Goddess: Baking and the Art of Comfort Cooking"], "price": "\u00a328.25"},
{"name": ["Good in Bed (Cannie Shapiro #1)"], "price": "\u00a337.05"},
{"name": ["Fruits Basket, Vol. 7 (Fruits Basket #7)"], "price": "\u00a319.57"},
{"name": ["For the Love: Fighting for Grace in a World of Impossible Standards"], "price": "\u00a345.13"},
{"name": ["Finding God in the Ruins: How God Redeems Pain"], "price": "\u00a346.64"},
{"name": ["Every Heart a Doorway (Every Heart A Doorway #1)"], "price": "\u00a312.16"},
{"name": ["Delivering the Truth (Quaker Midwife Mystery #1)"], "price": "\u00a320.89"},
{"name": ["Counted With the Stars (Out from Egypt #1)"], "price": "\u00a317.97"},
{"name": ["Chronicles, Vol. 1"], "price": "\u00a352.60"},
{"name": ["Blue Like Jazz: Nonreligious Thoughts on Christian Spirituality"], "price": "\u00a325.77"},
{"name": ["Benjamin Franklin: An American Life"], "price": "\u00a348.19"},
{"name": ["At The Existentialist Caf\u00e9: Freedom, Being, and apricot cocktails with: Jean-Paul Sartre, Simone de Beauvoir, Albert Camus, Martin Heidegger, Edmund Husserl, Karl Jaspers, Maurice Merleau-Ponty and others"], "price": "\u00a329.93"},
{"name": ["A Summer In Europe"], "price": "\u00a344.34"},
{"name": ["A Short History of Nearly Everything"], "price": "\u00a352.40"},
{"name": ["A Gathering of Shadows (Shades of Magic #2)"], "price": "\u00a344.81"},
{"name": ["The Sound Of Love"], "price": "\u00a357.84"},
{"name": ["The Rise and Fall of the Third Reich: A History of Nazi Germany"], "price": "\u00a339.67"},
{"name": ["The Perks of Being a Wallflower"], "price": "\u00a355.02"},
{"name": ["The Mysterious Affair at Styles (Hercule Poirot #1)"], "price": "\u00a324.80"},
{"name": ["The Man Who Mistook His Wife for a Hat and Other Clinical Tales"], "price": "\u00a359.45"},
{"name": ["The Makings of a Fatherless Child"], "price": "\u00a331.58"},
{"name": ["The Joy of Cooking"], "price": "\u00a343.27"},
{"name": ["The Invention of Wings"], "price": "\u00a337.34"},
{"name": ["The Hobbit (Middle-Earth Universe)"], "price": "\u00a317.80"},
{"name": ["The Great Railway Bazaar"], "price": "\u00a330.54"},
{"name": ["The Golden Compass (His Dark Materials #1)"], "price": "\u00a318.77"},
{"name": ["The God Delusion"], "price": "\u00a346.85"},
{"name": ["The Girl You Left Behind (The Girl You Left Behind #1)"], "price": "\u00a315.79"},
{"name": ["The Fellowship of the Ring (The Lord of the Rings #1)"], "price": "\u00a310.27"},
{"name": ["The Collected Poems of W.B. Yeats (The Collected Works of W.B. Yeats #1)"], "price": "\u00a315.42"},
{"name": ["The Barefoot Contessa Cookbook"], "price": "\u00a359.92"},
{"name": ["Tell the Wolves I'm Home"], "price": "\u00a350.96"},
{"name": ["Ship Leaves Harbor: Essays on Travel by a Recovering Journeyman"], "price": "\u00a330.60"},
{"name": ["Pride and Prejudice"], "price": "\u00a319.27"},
{"name": ["Musicophilia: Tales of Music and the Brain"], "price": "\u00a346.58"},
{"name": ["Mere Christianity"], "price": "\u00a348.51"},
{"name": ["Me Before You (Me Before You #1)"], "price": "\u00a319.02"},
{"name": ["In the Woods (Dublin Murder Squad #1)"], "price": "\u00a338.38"},
{"name": ["In Cold Blood"], "price": "\u00a349.98"},
{"name": ["How to Stop Worrying and Start Living"], "price": "\u00a346.49"},
{"name": ["Give It Back"], "price": "\u00a318.32"},
{"name": ["Girl, Interrupted"], "price": "\u00a342.14"},
{"name": ["Fun Home: A Family Tragicomic"], "price": "\u00a356.59"},
{"name": ["Fruits Basket, Vol. 6 (Fruits Basket #6)"], "price": "\u00a320.96"},
{"name": ["Deception Point"], "price": "\u00a340.32"},
{"name": ["Death Note, Vol. 6: Give-and-Take (Death Note #6)"], "price": "\u00a336.39"},
{"name": ["Catherine the Great: Portrait of a Woman"], "price": "\u00a358.55"},
{"name": ["Better Homes and Gardens New Cook Book"], "price": "\u00a339.61"},
{"name": ["An Unquiet Mind: A Memoir of Moods and Madness"], "price": "\u00a321.30"},
{"name": ["A Year in Provence (Provence #1)"], "price": "\u00a356.88"},
{"name": ["World Without End (The Pillars of the Earth #2)"], "price": "\u00a332.97"},
{"name": ["Will Grayson, Will Grayson (Will Grayson, Will Grayson)"], "price": "\u00a347.31"},
{"name": ["Why Save the Bankers?: And Other Essays on Our Economic and Political Crisis"], "price": "\u00a348.67"},
{"name": ["Where She Went (If I Stay #2)"], "price": "\u00a341.73"},
{"name": ["What If?: Serious Scientific Answers to Absurd Hypothetical Questions"], "price": "\u00a353.68"},
{"name": ["Two Summers"], "price": "\u00a314.64"},
{"name": ["This Is Your Brain on Music: The Science of a Human Obsession"], "price": "\u00a338.40"},
{"name": ["The Secret Garden"], "price": "\u00a315.08"},
{"name": ["The Raven King (The Raven Cycle #4)"], "price": "\u00a330.57"},
{"name": ["The Raven Boys (The Raven Cycle #1)"], "price": "\u00a357.74"},
{"name": ["The Power Greens Cookbook: 140 Delicious Superfood Recipes"], "price": "\u00a311.05"},
{"name": ["The Metamorphosis"], "price": "\u00a328.58"},
{"name": ["The Mathews Men: Seven Brothers and the War Against Hitler's U-boats"], "price": "\u00a342.91"},
{"name": ["The Little Paris Bookshop"], "price": "\u00a324.73"},
{"name": ["The Hiding Place"], "price": "\u00a355.91"},
{"name": ["The Grand Design"], "price": "\u00a313.76"},
{"name": ["The Firm"], "price": "\u00a345.56"},
{"name": ["The Fault in Our Stars"], "price": "\u00a347.22"},
{"name": ["The False Prince (The Ascendance Trilogy #1)"], "price": "\u00a356.00"},
{"name": ["The Expatriates"], "price": "\u00a344.58"},
{"name": ["The Dream Thieves (The Raven Cycle #2)"], "price": "\u00a334.50"},
{"name": ["The Darkest Corners"], "price": "\u00a311.33"},
{"name": ["The Crossover"], "price": "\u00a338.77"},
{"name": ["The 5th Wave (The 5th Wave #1)"], "price": "\u00a311.83"},
{"name": ["Tell the Wind and Fire"], "price": "\u00a345.51"},
{"name": ["Tell Me Three Things"], "price": "\u00a341.81"},
{"name": ["Talking to Girls About Duran Duran: One Young Man's Quest for True Love and a Cooler Haircut"], "price": "\u00a325.15"},
{"name": ["Siddhartha"], "price": "\u00a334.22"},
{"name": ["Shiver (The Wolves of Mercy Falls #1)"], "price": "\u00a316.23"},
{"name": ["Remember Me?"], "price": "\u00a311.48"},
{"name": ["Red Dragon (Hannibal Lecter #1)"], "price": "\u00a323.37"},
{"name": ["Peak: Secrets from the New Science of Expertise"], "price": "\u00a316.28"},
{"name": ["My Mother Was Nuts"], "price": "\u00a331.63"},
{"name": ["Mexican Today: New and Rediscovered Recipes for Contemporary Kitchens"], "price": "\u00a324.91"},
{"name": ["Maybe Something Beautiful: How Art Transformed a Neighborhood"], "price": "\u00a322.54"},
{"name": ["Lola and the Boy Next Door (Anna and the French Kiss #2)"], "price": "\u00a323.63"},
{"name": ["Logan Kade (Fallen Crest High #5.5)"], "price": "\u00a313.12"},
{"name": ["Last One Home (New Beginnings #1)"], "price": "\u00a359.98"},
{"name": ["Killing Floor (Jack Reacher #1)"], "price": "\u00a331.49"},
{"name": ["Kill the Boy Band"], "price": "\u00a315.52"},
{"name": ["Isla and the Happily Ever After (Anna and the French Kiss #3)"], "price": "\u00a348.13"},
{"name": ["If I Stay (If I Stay #1)"], "price": "\u00a338.13"},
{"name": ["I Know Why the Caged Bird Sings (Maya Angelou's Autobiography #1)"], "price": "\u00a336.55"},
{"name": ["Harry Potter and the Deathly Hallows (Harry Potter #7)"], "price": "\u00a323.32"},
{"name": ["Fruits Basket, Vol. 5 (Fruits Basket #5)"], "price": "\u00a316.33"},
{"name": ["Foundation (Foundation (Publication Order) #1)"], "price": "\u00a332.42"},
{"name": ["Fool Me Once"], "price": "\u00a316.96"},
{"name": ["Find Her (Detective D.D. Warren #8)"], "price": "\u00a322.37"},
{"name": ["Evicted: Poverty and Profit in the American City"], "price": "\u00a342.27"},
{"name": ["Drama"], "price": "\u00a338.70"},
{"name": ["Dracula the Un-Dead"], "price": "\u00a335.63"},
{"name": ["Digital Fortress"], "price": "\u00a358.00"},
{"name": ["Death Note, Vol. 5: Whiteout (Death Note #5)"], "price": "\u00a352.41"},
{"name": ["Data, A Love Story: How I Gamed Online Dating to Meet My Match"], "price": "\u00a332.35"},
{"name": ["Critique of Pure Reason"], "price": "\u00a320.75"},
{"name": ["Booked"], "price": "\u00a317.49"},
{"name": ["Blue Lily, Lily Blue (The Raven Cycle #3)"], "price": "\u00a334.13"},
{"name": ["Approval Junkie: Adventures in Caring Too Much"], "price": "\u00a358.81"},
{"name": ["An Abundance of Katherines"], "price": "\u00a310.00"},
{"name": ["America's War for the Greater Middle East: A Military History"], "price": "\u00a351.22"},
{"name": ["Alight (The Generations Trilogy #2)"], "price": "\u00a358.59"},
{"name": ["A Girl's Guide to Moving On (New Beginnings #2)"], "price": "\u00a331.30"},
{"name": ["A Game of Thrones (A Song of Ice and Fire #1)"], "price": "\u00a346.42"},
{"name": ["A Feast for Crows (A Song of Ice and Fire #4)"], "price": "\u00a317.21"},
{"name": ["A Clash of Kings (A Song of Ice and Fire #2)"], "price": "\u00a310.79"},
{"name": ["Vogue Colors A to Z: A Fashion Coloring Book"], "price": "\u00a352.35"},
{"name": ["The Shining (The Shining #1)"], "price": "\u00a327.88"},
{"name": ["The Pilgrim's Progress"], "price": "\u00a350.26"},
{"name": ["The Perfect Play (Play by Play #1)"], "price": "\u00a359.99"},
{"name": ["The Passion of Dolssa"], "price": "\u00a328.32"},
{"name": ["The Jazz of Physics: The Secret Link Between Music and the Structure of the Universe"], "price": "\u00a338.71"},
{"name": ["The Hunger Games (The Hunger Games #1)"], "price": "\u00a329.85"},
{"name": ["The Hound of the Baskervilles (Sherlock Holmes #5)"], "price": "\u00a314.82"},
{"name": ["The Gunning of America: Business and the Making of American Gun Culture"], "price": "\u00a316.81"},
{"name": ["The Geography of Bliss: One Grump's Search for the Happiest Places in the World"], "price": "\u00a328.23"},
{"name": ["The Demonists (Demonist #1)"], "price": "\u00a352.11"},
{"name": ["The Demon Prince of Momochi House, Vol. 4 (The Demon Prince of Momochi House #4)"], "price": "\u00a327.88"},
{"name": ["The Bone Hunters (Lexy Vaughan & Steven Macaulay #2)"], "price": "\u00a359.71"},
{"name": ["The Beast (Black Dagger Brotherhood #14)"], "price": "\u00a346.08"},
{"name": ["Some Women"], "price": "\u00a313.73"},
{"name": ["Shopaholic Ties the Knot (Shopaholic #3)"], "price": "\u00a348.39"},
{"name": ["Paper and Fire (The Great Library #2)"], "price": "\u00a349.45"},
{"name": ["Outlander (Outlander #1)"], "price": "\u00a319.67"},
{"name": ["Orchestra of Exiles: The Story of Bronislaw Huberman, the Israel Philharmonic, and the One Thousand Jews He Saved from Nazi Horrors"], "price": "\u00a312.36"},
{"name": ["No One Here Gets Out Alive"], "price": "\u00a320.02"},
{"name": ["Night Shift (Night Shift #1-20)"], "price": "\u00a312.75"},
{"name": ["Needful Things"], "price": "\u00a347.51"},
{"name": ["Mockingjay (The Hunger Games #3)"], "price": "\u00a320.44"},
{"name": ["Misery"], "price": "\u00a334.79"},
{"name": ["Little Women (Little Women #1)"], "price": "\u00a328.07"},
{"name": ["It"], "price": "\u00a325.01"},
{"name": ["Harry Potter and the Sorcerer's Stone (Harry Potter #1)"], "price": "\u00a313.90"},
{"name": ["Harry Potter and the Prisoner of Azkaban (Harry Potter #3)"], "price": "\u00a324.17"},
{"name": ["Harry Potter and the Order of the Phoenix (Harry Potter #5)"], "price": "\u00a331.63"},
{"name": ["Harry Potter and the Half-Blood Prince (Harry Potter #6)"], "price": "\u00a348.75"},
{"name": ["Harry Potter and the Chamber of Secrets (Harry Potter #2)"], "price": "\u00a314.74"},
{"name": ["Gone with the Wind"], "price": "\u00a332.49"},
{"name": ["God Is Not Great: How Religion Poisons Everything"], "price": "\u00a327.80"},
{"name": ["Girl With a Pearl Earring"], "price": "\u00a326.77"},
{"name": ["Fruits Basket, Vol. 4 (Fruits Basket #4)"], "price": "\u00a350.44"},
{"name": ["Far From True (Promise Falls Trilogy #2)"], "price": "\u00a334.93"},
{"name": ["Dark Lover (Black Dagger Brotherhood #1)"], "price": "\u00a312.87"},
{"name": ["Confessions of a Shopaholic (Shopaholic #1)"], "price": "\u00a348.94"},
{"name": ["Changing the Game (Play by Play #2)"], "price": "\u00a313.38"},
{"name": ["Candide"], "price": "\u00a358.63"},
{"name": ["Can You Keep a Secret?"], "price": "\u00a321.94"},
{"name": ["Atlas Shrugged"], "price": "\u00a326.58"},
{"name": ["Animal Farm"], "price": "\u00a357.22"},
{"name": ["A Walk to Remember"], "price": "\u00a356.43"},
{"name": ["A New Earth: Awakening to Your Life's Purpose"], "price": "\u00a355.65"},
{"name": ["A History of God: The 4,000-Year Quest of Judaism, Christianity, and Islam"], "price": "\u00a327.62"},
{"name": ["'Salem's Lot"], "price": "\u00a349.56"},
{"name": ["Zero History (Blue Ant #3)"], "price": "\u00a334.77"},
{"name": ["Wuthering Heights"], "price": "\u00a317.73"},
{"name": ["World War Z: An Oral History of the Zombie War"], "price": "\u00a321.80"},
{"name": ["Wild: From Lost to Found on the Pacific Crest Trail"], "price": "\u00a346.02"},
{"name": ["Where'd You Go, Bernadette"], "price": "\u00a318.13"},
{"name": ["When You Are Engulfed in Flames"], "price": "\u00a330.89"},
{"name": ["We the People: The Modern-Day Figures Who Have Reshaped and Affirmed the Founding Fathers' Vision of America"], "price": "\u00a331.95"},
{"name": ["We Are All Completely Beside Ourselves"], "price": "\u00a324.04"},
{"name": ["Walk the Edge (Thunder Road #2)"], "price": "\u00a332.36"},
{"name": ["Voyager (Outlander #3)"], "price": "\u00a321.07"},
{"name": ["Very Good Lives: The Fringe Benefits of Failure and the Importance of Imagination"], "price": "\u00a350.66"},
{"name": ["Vegan Vegetarian Omnivore: Dinner for Everyone at the Table"], "price": "\u00a313.66"},
{"name": ["Unstuffed: Decluttering Your Home, Mind, and Soul"], "price": "\u00a358.09"},
{"name": ["Under the Banner of Heaven: A Story of Violent Faith"], "price": "\u00a330.00"},
{"name": ["Two Boys Kissing"], "price": "\u00a332.74"},
{"name": ["Twilight (Twilight #1)"], "price": "\u00a341.93"},
{"name": ["Twenties Girl"], "price": "\u00a342.80"},
{"name": ["Trespassing Across America: One Man's Epic, Never-Done-Before (and Sort of Illegal) Hike Across the Heartland"], "price": "\u00a353.51"},
{"name": ["Three-Martini Lunch"], "price": "\u00a323.21"},
{"name": ["Thinking, Fast and Slow"], "price": "\u00a321.14"},
{"name": ["The Wild Robot"], "price": "\u00a356.07"},
{"name": ["The Wicked + The Divine, Vol. 3: Commercial Suicide (The Wicked + The Divine)"], "price": "\u00a314.41"},
{"name": ["The Undomestic Goddess"], "price": "\u00a345.75"},
{"name": ["The Travelers"], "price": "\u00a315.77"},
{"name": ["The Tipping Point: How Little Things Can Make a Big Difference"], "price": "\u00a310.02"},
{"name": ["The Thing About Jellyfish"], "price": "\u00a348.77"},
{"name": ["The Stand"], "price": "\u00a357.86"},
{"name": ["The Smitten Kitchen Cookbook"], "price": "\u00a323.59"},
{"name": ["The Silkworm (Cormoran Strike #2)"], "price": "\u00a323.05"},
{"name": ["The Sandman, Vol. 3: Dream Country (The Sandman (volumes) #3)"], "price": "\u00a355.55"},
{"name": ["The Rose & the Dagger (The Wrath and the Dawn #2)"], "price": "\u00a358.64"},
{"name": ["The Road to Little Dribbling: Adventures of an American in Britain (Notes From a Small Island #2)"], "price": "\u00a323.21"},
{"name": ["The Rise of Theodore Roosevelt (Theodore Roosevelt #1)"], "price": "\u00a342.57"},
{"name": ["The Restaurant at the End of the Universe (Hitchhiker's Guide to the Galaxy #2)"], "price": "\u00a310.92"},
{"name": ["The Rest Is Noise: Listening to the Twentieth Century"], "price": "\u00a334.77"},
{"name": ["The Red Tent"], "price": "\u00a335.66"},
{"name": ["The Purpose Driven Life: What on Earth Am I Here for?"], "price": "\u00a337.19"},
{"name": ["The Purest Hook (Second Circle Tattoos #3)"], "price": "\u00a312.25"},
{"name": ["The Picture of Dorian Gray"], "price": "\u00a329.70"},
{"name": ["The Paris Wife"], "price": "\u00a336.80"},
{"name": ["The Obsession"], "price": "\u00a345.43"},
{"name": ["The Nightingale"], "price": "\u00a326.26"},
{"name": ["The New Guy (and Other Senior Year Distractions)"], "price": "\u00a344.92"},
{"name": ["The Nanny Diaries (Nanny #1)"], "price": "\u00a352.53"},
{"name": ["The Name of God is Mercy"], "price": "\u00a337.25"},
{"name": ["The Maze Runner (The Maze Runner #1)"], "price": "\u00a320.93"},
{"name": ["The Lover's Dictionary"], "price": "\u00a358.09"},
{"name": ["The Lonely Ones"], "price": "\u00a343.59"},
{"name": ["The Lean Startup: How Today's Entrepreneurs Use Continuous Innovation to Create Radically Successful Businesses"], "price": "\u00a333.92"},
{"name": ["The Last Painting of Sara de Vos"], "price": "\u00a355.55"},
{"name": ["The Land of 10,000 Madonnas"], "price": "\u00a329.64"},
{"name": ["The Infinities"], "price": "\u00a327.41"},
{"name": ["The Husband's Secret"], "price": "\u00a352.51"},
{"name": ["The Hitchhiker's Guide to the Galaxy (Hitchhiker's Guide to the Galaxy #1)"], "price": "\u00a347.80"},
{"name": ["The Guns of August"], "price": "\u00a314.54"},
{"name": ["The Guernsey Literary and Potato Peel Pie Society"], "price": "\u00a349.53"},
{"name": ["The Goldfinch"], "price": "\u00a343.58"},
{"name": ["The Giver (The Giver Quartet #1)"], "price": "\u00a312.30"},
{"name": ["The Girl with All the Gifts"], "price": "\u00a349.47"},
{"name": ["The Girl Who Played with Fire (Millennium Trilogy #2)"], "price": "\u00a322.14"},
{"name": ["The Girl Who Kicked the Hornet's Nest (Millennium Trilogy #3)"], "price": "\u00a357.48"},
{"name": ["The Exiled"], "price": "\u00a343.45"},
{"name": ["The End of Faith: Religion, Terror, and the Future of Reason"], "price": "\u00a322.13"},
{"name": ["The Elegant Universe: Superstrings, Hidden Dimensions, and the Quest for the Ultimate Theory"], "price": "\u00a313.03"},
{"name": ["The Disappearing Spoon: And Other True Tales of Madness, Love, and the History of the World from the Periodic Table of the Elements"], "price": "\u00a357.35"},
{"name": ["The Devil Wears Prada (The Devil Wears Prada #1)"], "price": "\u00a344.29"},
{"name": ["The Demon-Haunted World: Science as a Candle in the Dark"], "price": "\u00a352.25"},
{"name": ["The Day the Crayons Came Home (Crayons)"], "price": "\u00a326.33"},
{"name": ["The Da Vinci Code (Robert Langdon #2)"], "price": "\u00a322.96"},
{"name": ["The Cuckoo's Calling (Cormoran Strike #1)"], "price": "\u00a319.21"},
{"name": ["The Complete Stories and Poems (The Works of Edgar Allan Poe [Cameo Edition])"], "price": "\u00a326.78"},
{"name": ["The Complete Poems"], "price": "\u00a341.32"},
{"name": ["The Catcher in the Rye"], "price": "\u00a324.55"},
{"name": ["The Cat in the Hat (Beginner Books B-1)"], "price": "\u00a316.26"},
{"name": ["The Case for Christ (Cases for Christianity)"], "price": "\u00a347.84"},
{"name": ["The Book Thief"], "price": "\u00a353.49"},
{"name": ["The Book of Basketball: The NBA According to The Sports Guy"], "price": "\u00a344.84"},
{"name": ["The Blind Side: Evolution of a Game"], "price": "\u00a353.71"},
{"name": ["The Autobiography of Malcolm X"], "price": "\u00a323.43"},
{"name": ["The Art of Simple Food: Notes, Lessons, and Recipes from a Delicious Revolution"], "price": "\u00a334.32"},
{"name": ["The Art of Fielding"], "price": "\u00a322.10"},
{"name": ["Surely You're Joking, Mr. Feynman!: Adventures of a Curious Character"], "price": "\u00a325.83"},
{"name": ["Stiff: The Curious Lives of Human Cadavers"], "price": "\u00a336.74"},
{"name": ["Spilled Milk: Based on a True Story"], "price": "\u00a349.51"},
{"name": ["Something Borrowed (Darcy & Rachel #1)"], "price": "\u00a348.96"},
{"name": ["Something Blue (Darcy & Rachel #2)"], "price": "\u00a354.62"},
{"name": ["Soldier (Talon #3)"], "price": "\u00a324.72"},
{"name": ["Shopaholic & Baby (Shopaholic #5)"], "price": "\u00a346.45"},
{"name": ["Seven Days in the Art World"], "price": "\u00a352.33"},
{"name": ["Seven Brief Lessons on Physics"], "price": "\u00a330.60"},
{"name": ["Scarlet (The Lunar Chronicles #2)"], "price": "\u00a314.57"},
{"name": ["Sarah's Key"], "price": "\u00a346.29"},
{"name": ["Saga, Volume 3 (Saga (Collected Editions) #3)"], "price": "\u00a321.57"},
{"name": ["Running with Scissors"], "price": "\u00a312.91"},
{"name": ["Rogue Lawyer (Rogue Lawyer #1)"], "price": "\u00a350.11"},
{"name": ["Rise of the Rocket Girls: The Women Who Propelled Us, from Missiles to the Moon to Mars"], "price": "\u00a341.67"},
{"name": ["Rework"], "price": "\u00a344.88"},
{"name": ["Reservations for Two"], "price": "\u00a311.10"},
{"name": ["Red: The True Story of Red Riding Hood"], "price": "\u00a328.54"},
{"name": ["Ready Player One"], "price": "\u00a319.07"},
{"name": ["Quiet: The Power of Introverts in a World That Can't Stop Talking"], "price": "\u00a343.55"},
{"name": ["Prodigy: The Graphic Novel (Legend: The Graphic Novel #2)"], "price": "\u00a343.63"},
{"name": ["Persepolis: The Story of a Childhood (Persepolis #1-2)"], "price": "\u00a339.13"},
{"name": ["Packing for Mars: The Curious Science of Life in the Void"], "price": "\u00a356.68"},
{"name": ["Outliers: The Story of Success"], "price": "\u00a314.16"},
{"name": ["Original Fake"], "price": "\u00a331.45"},
{"name": ["Orange Is the New Black"], "price": "\u00a324.61"},
{"name": ["One for the Money (Stephanie Plum #1)"], "price": "\u00a332.87"},
{"name": ["Notes from a Small Island (Notes From a Small Island #1)"], "price": "\u00a340.17"},
{"name": ["Night (The Night Trilogy #1)"], "price": "\u00a313.51"},
{"name": ["Neither Here nor There: Travels in Europe"], "price": "\u00a338.95"},
{"name": ["Naked"], "price": "\u00a331.69"},
{"name": ["Morning Star (Red Rising #3)"], "price": "\u00a329.40"},
{"name": ["Miracles from Heaven: A Little Girl, Her Journey to Heaven, and Her Amazing Story of Healing"], "price": "\u00a357.83"},
{"name": ["Midnight Riot (Peter Grant/ Rivers of London - books #1)"], "price": "\u00a355.46"},
{"name": ["Me Talk Pretty One Day"], "price": "\u00a357.60"},
{"name": ["Manuscript Found in Accra"], "price": "\u00a334.98"},
{"name": ["Lust & Wonder"], "price": "\u00a311.87"},
{"name": ["Lila (Gilead #3)"], "price": "\u00a312.47"},
{"name": ["Life, the Universe and Everything (Hitchhiker's Guide to the Galaxy #3)"], "price": "\u00a333.26"},
{"name": ["Life Without a Recipe"], "price": "\u00a359.04"},
{"name": ["Life After Life"], "price": "\u00a326.13"},
{"name": ["Letter to a Christian Nation"], "price": "\u00a322.20"},
{"name": ["Let's Pretend This Never Happened: A Mostly True Memoir"], "price": "\u00a345.11"},
{"name": ["Legend (Legend #1)"], "price": "\u00a343.69"},
{"name": ["Lean In: Women, Work, and the Will to Lead"], "price": "\u00a325.02"},
{"name": ["Lamb: The Gospel According to Biff, Christ's Childhood Pal"], "price": "\u00a355.50"},
{"name": ["Lady Renegades (Rebel Belle #3)"], "price": "\u00a353.04"},
{"name": ["Jurassic Park (Jurassic Park #1)"], "price": "\u00a344.97"},
{"name": ["It's Never Too Late to Begin Again: Discovering Creativity and Meaning at Midlife and Beyond"], "price": "\u00a342.38"},
{"name": ["Is Everyone Hanging Out Without Me? (And Other Concerns)"], "price": "\u00a320.11"},
{"name": ["Into the Wild"], "price": "\u00a356.70"},
{"name": ["Inferno (Robert Langdon #4)"], "price": "\u00a341.00"},
{"name": ["In the Garden of Beasts: Love, Terror, and an American Family in Hitler's Berlin"], "price": "\u00a328.85"},
{"name": ["If I Run (If I Run #1)"], "price": "\u00a349.97"},
{"name": ["I've Got Your Number"], "price": "\u00a319.69"},
{"name": ["I Am Malala: The Girl Who Stood Up for Education and Was Shot by the Taliban"], "price": "\u00a328.88"},
{"name": ["Hungry Girl Clean & Hungry: Easy All-Natural Recipes for Healthy Eating in the Real World"], "price": "\u00a333.14"},
{"name": ["House of Lost Worlds: Dinosaurs, Dynasties, and the Story of Life on Earth"], "price": "\u00a343.70"},
{"name": ["House of Leaves"], "price": "\u00a354.89"},
{"name": ["Horrible Bear!"], "price": "\u00a337.52"},
{"name": ["Holidays on Ice"], "price": "\u00a351.07"},
{"name": ["Heir to the Sky"], "price": "\u00a344.07"},
{"name": ["Green Eggs and Ham (Beginner Books B-16)"], "price": "\u00a310.79"},
{"name": ["Grayson, Vol 3: Nemesis (Grayson #3)"], "price": "\u00a342.72"},
{"name": ["Gratitude"], "price": "\u00a326.66"},
{"name": ["Gone Girl"], "price": "\u00a337.60"},
{"name": ["Golden (Heart of Dread #3)"], "price": "\u00a342.21"},
{"name": ["Girl in the Blue Coat"], "price": "\u00a346.83"},
{"name": ["Fruits Basket, Vol. 3 (Fruits Basket #3)"], "price": "\u00a345.17"},
{"name": ["Friday Night Lights: A Town, a Team, and a Dream"], "price": "\u00a351.22"},
{"name": ["Fire Bound (Sea Haven/Sisters of the Heart #5)"], "price": "\u00a321.28"},
{"name": ["Fifty Shades Freed (Fifty Shades #3)"], "price": "\u00a315.36"},
{"name": ["Fellside"], "price": "\u00a338.62"},
{"name": ["Extreme Prey (Lucas Davenport #26)"], "price": "\u00a325.40"},
{"name": ["Eragon (The Inheritance Cycle #1)"], "price": "\u00a343.87"},
{"name": ["Eclipse (Twilight #3)"], "price": "\u00a318.74"},
{"name": ["Dune (Dune #1)"], "price": "\u00a354.86"},
{"name": ["Dracula"], "price": "\u00a352.62"},
{"name": ["Do Androids Dream of Electric Sheep? (Blade Runner #1)"], "price": "\u00a351.48"},
{"name": ["Disrupted: My Misadventure in the Start-Up Bubble"], "price": "\u00a315.28"},
{"name": ["Dead Wake: The Last Crossing of the Lusitania"], "price": "\u00a339.24"},
{"name": ["David and Goliath: Underdogs, Misfits, and the Art of Battling Giants"], "price": "\u00a317.81"},
{"name": ["Darkfever (Fever #1)"], "price": "\u00a356.02"},
{"name": ["Dark Places"], "price": "\u00a323.90"},
{"name": ["Crazy Rich Asians (Crazy Rich Asians #1)"], "price": "\u00a349.13"},
{"name": ["Counting Thyme"], "price": "\u00a310.62"},
{"name": ["Cosmos"], "price": "\u00a336.17"},
{"name": ["Civilization and Its Discontents"], "price": "\u00a359.95"},
{"name": ["Cinder (The Lunar Chronicles #1)"], "price": "\u00a326.09"},
{"name": ["Catastrophic Happiness: Finding Joy in Childhood's Messy Years"], "price": "\u00a337.35"},
{"name": ["Career of Evil (Cormoran Strike #3)"], "price": "\u00a324.72"},
{"name": ["Breaking Dawn (Twilight #4)"], "price": "\u00a335.28"},
{"name": ["Brave Enough"], "price": "\u00a351.32"},
{"name": ["Boy Meets Boy"], "price": "\u00a321.12"},
{"name": ["Born to Run: A Hidden Tribe, Superathletes, and the Greatest Race the World Has Never Seen"], "price": "\u00a327.35"},
{"name": ["Blink: The Power of Thinking Without Thinking"], "price": "\u00a321.74"},
{"name": ["Black Flags: The Rise of ISIS"], "price": "\u00a340.87"},
{"name": ["Black Butler, Vol. 1 (Black Butler #1)"], "price": "\u00a349.31"},
{"name": ["Big Little Lies"], "price": "\u00a322.11"},
{"name": ["Between Shades of Gray"], "price": "\u00a320.79"},
{"name": ["Best of My Love (Fool's Gold #20)"], "price": "\u00a327.41"},
{"name": ["Beowulf"], "price": "\u00a338.35"},
{"name": ["Beautiful Creatures (Caster Chronicles #1)"], "price": "\u00a321.55"},
{"name": ["Awkward"], "price": "\u00a338.02"},
{"name": ["Ash"], "price": "\u00a322.06"},
{"name": ["Are We There Yet?"], "price": "\u00a310.66"},
{"name": ["Are We Smart Enough to Know How Smart Animals Are?"], "price": "\u00a356.58"},
{"name": ["Annie on My Mind"], "price": "\u00a336.83"},
{"name": ["And Then There Were None"], "price": "\u00a335.01"},
{"name": ["A Walk in the Woods: Rediscovering America on the Appalachian Trail"], "price": "\u00a330.48"},
{"name": ["A Visit from the Goon Squad"], "price": "\u00a314.08"},
{"name": ["A Storm of Swords (A Song of Ice and Fire #3)"], "price": "\u00a331.22"},
{"name": ["A Heartbreaking Work of Staggering Genius"], "price": "\u00a354.29"},
{"name": ["8 Keys to Mental Health Through Exercise"], "price": "\u00a331.04"},
{"name": ["#GIRLBOSS"], "price": "\u00a350.96"},
{"name": ["The Suffragettes (Little Black Classics, #96)"], "price": "\u00a311.89"},
{"name": ["The Sense of an Ending"], "price": "\u00a331.38"},
{"name": ["The Sandman, Vol. 2: The Doll's House (The Sandman (volumes) #2)"], "price": "\u00a354.81"},
{"name": ["The Course of Love"], "price": "\u00a316.78"},
{"name": ["Sugar Rush (Offensive Line #2)"], "price": "\u00a324.42"},
{"name": ["Saga, Volume 2 (Saga (Collected Editions) #2)"], "price": "\u00a311.75"},
{"name": ["Run, Spot, Run: The Ethics of Keeping Pets"], "price": "\u00a320.02"},
{"name": ["New Moon (Twilight #2)"], "price": "\u00a312.86"},
{"name": ["Life"], "price": "\u00a331.58"},
{"name": ["Kindle Paperwhite User's Guide"], "price": "\u00a334.00"},
{"name": ["H is for Hawk"], "price": "\u00a357.42"},
{"name": ["Girl Online On Tour (Girl Online #2)"], "price": "\u00a353.47"},
{"name": ["Fruits Basket, Vol. 2 (Fruits Basket #2)"], "price": "\u00a311.64"},
{"name": ["Diary of a Minecraft Zombie Book 1: A Scare of a Dare (An Unofficial Minecraft Book)"], "price": "\u00a352.88"},
{"name": ["Y: The Last Man, Vol. 1: Unmanned (Y: The Last Man #1)"], "price": "\u00a318.51"},
{"name": ["While You Were Mine"], "price": "\u00a341.32"},
{"name": ["Where Lightning Strikes (Bleeding Stars #3)"], "price": "\u00a339.77"},
{"name": ["When I'm Gone"], "price": "\u00a351.96"},
{"name": ["Ways of Seeing"], "price": "\u00a339.51"},
{"name": ["Vampire Knight, Vol. 1 (Vampire Knight #1)"], "price": "\u00a315.40"},
{"name": ["Vampire Girl (Vampire Girl #1)"], "price": "\u00a353.82"},
{"name": ["Twenty Love Poems and a Song of Despair"], "price": "\u00a330.95"},
{"name": ["Travels with Charley: In Search of America"], "price": "\u00a357.82"},
{"name": ["Three Wishes (River of Time: California #1)"], "price": "\u00a344.18"},
{"name": ["This One Moment (Pushing Limits #1)"], "price": "\u00a348.71"},
{"name": ["The Zombie Room"], "price": "\u00a319.69"},
{"name": ["The Wicked + The Divine, Vol. 1: The Faust Act (The Wicked + The Divine)"], "price": "\u00a336.52"},
{"name": ["The Tumor"], "price": "\u00a341.56"},
{"name": ["The Story of Hong Gildong"], "price": "\u00a343.19"},
{"name": ["The Silent Wife"], "price": "\u00a312.34"},
{"name": ["The Silent Twin (Detective Jennifer Knight #3)"], "price": "\u00a336.25"},
{"name": ["The Selfish Gene"], "price": "\u00a329.45"},
{"name": ["The Secret Healer"], "price": "\u00a334.56"},
{"name": ["The Sandman, Vol. 1: Preludes and Nocturnes (The Sandman (volumes) #1)"], "price": "\u00a354.12"},
{"name": ["The Republic"], "price": "\u00a333.78"},
{"name": ["The Odyssey"], "price": "\u00a329.64"},
{"name": ["The No. 1 Ladies' Detective Agency (No. 1 Ladies' Detective Agency #1)"], "price": "\u00a357.70"},
{"name": ["The Nicomachean Ethics"], "price": "\u00a336.34"},
{"name": ["The Name of the Wind (The Kingkiller Chronicle #1)"], "price": "\u00a350.59"},
{"name": ["The Mirror & the Maze (The Wrath and the Dawn #1.5)"], "price": "\u00a329.38"},
{"name": ["The Little Prince"], "price": "\u00a345.42"},
{"name": ["The Light of the Fireflies"], "price": "\u00a354.43"},
{"name": ["The Last Girl (The Dominion Trilogy #1)"], "price": "\u00a336.26"},
{"name": ["The Iliad"], "price": "\u00a316.16"},
{"name": ["The Hook Up (Game On #1)"], "price": "\u00a336.29"},
{"name": ["The Haters"], "price": "\u00a327.89"},
{"name": ["The Girl You Lost"], "price": "\u00a312.29"},
{"name": ["The Girl In The Ice (DCI Erika Foster #1)"], "price": "\u00a315.85"},
{"name": ["The End of the Jesus Era (An Investigation #1)"], "price": "\u00a314.40"},
{"name": ["The Edge of Reason (Bridget Jones #2)"], "price": "\u00a319.18"},
{"name": ["The Complete Maus (Maus #1-2)"], "price": "\u00a310.64"},
{"name": ["The Communist Manifesto"], "price": "\u00a314.76"},
{"name": ["The Bhagavad Gita"], "price": "\u00a357.49"},
{"name": ["The Bette Davis Club"], "price": "\u00a330.66"},
{"name": ["The Art of Not Breathing"], "price": "\u00a340.83"},
{"name": ["Taking Shots (Assassins #1)"], "price": "\u00a318.88"},
{"name": ["Starlark"], "price": "\u00a325.83"},
{"name": ["Skip Beat!, Vol. 01 (Skip Beat! #1)"], "price": "\u00a342.12"},
{"name": ["Sister Sable (The Mad Queen #1)"], "price": "\u00a313.33"},
{"name": ["Shatter Me (Shatter Me #1)"], "price": "\u00a342.40"},
{"name": ["Shameless"], "price": "\u00a358.35"},
{"name": ["Shadow Rites (Jane Yellowrock #10)"], "price": "\u00a321.72"},
{"name": ["Settling the Score (The Summer Games #1)"], "price": "\u00a344.91"},
{"name": ["Sense and Sensibility"], "price": "\u00a337.46"},
{"name": ["Saga, Volume 1 (Saga (Collected Editions) #1)"], "price": "\u00a328.48"},
{"name": ["Rhythm, Chord & Malykhin"], "price": "\u00a328.34"},
{"name": ["Rat Queens, Vol. 1: Sass & Sorcery (Rat Queens (Collected Editions) #1-5)"], "price": "\u00a346.96"},
{"name": ["Paradise Lost (Paradise #1)"], "price": "\u00a324.96"},
{"name": ["Paper Girls, Vol. 1 (Paper Girls #1-5)"], "price": "\u00a321.71"},
{"name": ["Ouran High School Host Club, Vol. 1 (Ouran High School Host Club #1)"], "price": "\u00a329.87"},
{"name": ["Origins (Alphas 0.5)"], "price": "\u00a328.99"},
{"name": ["One Second (Seven #7)"], "price": "\u00a352.94"},
{"name": ["On the Road (Duluoz Legend)"], "price": "\u00a332.36"},
{"name": ["Old Records Never Die: One Man's Quest for His Vinyl and His Past"], "price": "\u00a355.66"},
{"name": ["Off Sides (Off #1)"], "price": "\u00a339.45"},
{"name": ["Of Mice and Men"], "price": "\u00a347.11"},
{"name": ["Myriad (Prentor #1)"], "price": "\u00a358.75"},
{"name": ["My Perfect Mistake (Over the Top #1)"], "price": "\u00a338.92"},
{"name": ["Ms. Marvel, Vol. 1: No Normal (Ms. Marvel (2014-2015) #1)"], "price": "\u00a339.39"},
{"name": ["Meditations"], "price": "\u00a325.89"},
{"name": ["Matilda"], "price": "\u00a328.34"},
{"name": ["Lost Among the Living"], "price": "\u00a327.70"},
{"name": ["Lord of the Flies"], "price": "\u00a324.89"},
{"name": ["Listen to Me (Fusion #1)"], "price": "\u00a358.99"},
{"name": ["Kitchens of the Great Midwest"], "price": "\u00a357.20"},
{"name": ["Jane Eyre"], "price": "\u00a338.43"},
{"name": ["Imperfect Harmony"], "price": "\u00a334.74"},
{"name": ["Icing (Aces Hockey #2)"], "price": "\u00a340.44"},
{"name": ["Hawkeye, Vol. 1: My Life as a Weapon (Hawkeye #1)"], "price": "\u00a345.24"},
{"name": ["Having the Barbarian's Baby (Ice Planet Barbarians #7.5)"], "price": "\u00a334.96"},
{"name": ["Giant Days, Vol. 1 (Giant Days #1-4)"], "price": "\u00a356.76"},
{"name": ["Fruits Basket, Vol. 1 (Fruits Basket #1)"], "price": "\u00a340.28"},
{"name": ["Frankenstein"], "price": "\u00a338.00"},
{"name": ["Forever Rockers (The Rocker #12)"], "price": "\u00a328.80"},
{"name": ["Fighting Fate (Fighting #6)"], "price": "\u00a339.24"},
{"name": ["Emma"], "price": "\u00a332.93"},
{"name": ["Eat, Pray, Love"], "price": "\u00a351.32"},
{"name": ["Deep Under (Walker Security #1)"], "price": "\u00a347.09"},
{"name": ["Choosing Our Religion: The Spiritual Lives of America's Nones"], "price": "\u00a328.42"},
{"name": ["Charlie and the Chocolate Factory (Charlie Bucket #1)"], "price": "\u00a322.85"},
{"name": ["Charity's Cross (Charles Towne Belles #4)"], "price": "\u00a341.24"},
{"name": ["Bright Lines"], "price": "\u00a339.07"},
{"name": ["Bridget Jones's Diary (Bridget Jones #1)"], "price": "\u00a329.82"},
{"name": ["Bounty (Colorado Mountain #7)"], "price": "\u00a337.26"},
{"name": ["Blood Defense (Samantha Brinkman #1)"], "price": "\u00a320.30"},
{"name": ["Bleach, Vol. 1: Strawberry and the Soul Reapers (Bleach #1)"], "price": "\u00a334.65"},
{"name": ["Beyond Good and Evil"], "price": "\u00a343.38"},
{"name": ["Alice in Wonderland (Alice's Adventures in Wonderland #1)"], "price": "\u00a355.53"},
{"name": ["Ajin: Demi-Human, Volume 1 (Ajin: Demi-Human #1)"], "price": "\u00a357.06"},
{"name": ["A Spy's Devotion (The Regency Spies of London #1)"], "price": "\u00a316.97"},
{"name": ["1st to Die (Women's Murder Club #1)"], "price": "\u00a353.98"},
{"name": ["1,000 Places to See Before You Die"], "price": "\u00a326.08"}
]